{
    "MNIST -> MNIST-M": {
        "dann": {
            "mean": 0.20500000000000002,
            "std": 0.03330000000000001,
            "runs": [
                0.2383,
                0.1717
            ],
            "config": {
                "epochs": 10,
                "sample_size": 10000,
                "device": "cuda"
            }
        }
    }
}