{
    "baseline": {
        "accuracy": 0.1535,
        "time": 12.203593730926514
    },
    "finetune": {
        "accuracy": 0.926,
        "time": 12.690681457519531
    },
    "dann": {
        "accuracy": 0.159,
        "time": 12.496011972427368
    }
}